version,look,laser,x_m,y_lens_m,z_m,aim_dx,aim_dy,aim_dz,elevation_deg,azimuth_deg_from_+x_toward_+z,cone_half_angle_deg_drawn,lens_over_riser_deck_m,lowest_beam_m_over_person_floor_plan,margin_over_3m_rule_m,margin_over_2.5m_raised_hands_m,axis_meets_roof_underside_x_m,axis_meets_roof_underside_z_m,range_to_roof_underside_m,flag
minimal-ground,(rest aims),01,-4.323,4.635,5.108,0.1696,0.4966,0.8512,29.78,78.7,0.602,3.435,5.27,2.27,2.77,-2.15,16.02,12.82,"GEOMETRY of the drawn rig at the 09-28 committed hall (roof underside 11.0 m); NOT a laser hazard assessment; beam = drawn cone, real divergence UNKNOWN"
minimal-ground,(rest aims),02,4.247,6.926,5.12,-0.177,0.3904,0.9035,22.98,101.1,0.602,5.726,7.38,4.38,4.88,2.4,14.55,10.44,"GEOMETRY of the drawn rig at the 09-28 committed hall (roof underside 11.0 m); NOT a laser hazard assessment; beam = drawn cone, real divergence UNKNOWN"
minimal-ground,white-cathedral,01,-4.323,4.635,5.108,0.1696,0.4966,0.8512,29.78,78.7,0.602,3.435,5.27,2.27,2.77,-2.15,16.02,12.82,"GEOMETRY of the drawn rig at the 09-28 committed hall (roof underside 11.0 m); NOT a laser hazard assessment; beam = drawn cone, real divergence UNKNOWN"
minimal-ground,white-cathedral,02,4.247,6.926,5.12,-0.177,0.3904,0.9035,22.98,101.1,0.602,5.726,7.38,4.38,4.88,2.4,14.55,10.44,"GEOMETRY of the drawn rig at the 09-28 committed hall (roof underside 11.0 m); NOT a laser hazard assessment; beam = drawn cone, real divergence UNKNOWN"
minimal-ground,red-room,01,-4.323,4.635,5.108,0.1696,0.4966,0.8512,29.78,78.7,0.602,3.435,5.27,2.27,2.77,-2.15,16.02,12.82,"GEOMETRY of the drawn rig at the 09-28 committed hall (roof underside 11.0 m); NOT a laser hazard assessment; beam = drawn cone, real divergence UNKNOWN"
minimal-ground,red-room,02,4.247,6.926,5.12,-0.177,0.3904,0.9035,22.98,101.1,0.602,5.726,7.38,4.38,4.88,2.4,14.55,10.44,"GEOMETRY of the drawn rig at the 09-28 committed hall (roof underside 11.0 m); NOT a laser hazard assessment; beam = drawn cone, real divergence UNKNOWN"
minimal-ground,strobe-hit,01,-4.323,4.635,5.108,0.1696,0.4966,0.8512,29.78,78.7,0.602,3.435,5.27,2.27,2.77,-2.15,16.02,12.82,"GEOMETRY of the drawn rig at the 09-28 committed hall (roof underside 11.0 m); NOT a laser hazard assessment; beam = drawn cone, real divergence UNKNOWN"
minimal-ground,strobe-hit,02,4.247,6.926,5.12,-0.177,0.3904,0.9035,22.98,101.1,0.602,5.726,7.38,4.38,4.88,2.4,14.55,10.44,"GEOMETRY of the drawn rig at the 09-28 committed hall (roof underside 11.0 m); NOT a laser hazard assessment; beam = drawn cone, real divergence UNKNOWN"
minimal-ground,one-beam,01,-4.323,4.635,5.108,0.1696,0.4966,0.8512,29.78,78.7,0.602,3.435,5.27,2.27,2.77,-2.15,16.02,12.82,"GEOMETRY of the drawn rig at the 09-28 committed hall (roof underside 11.0 m); NOT a laser hazard assessment; beam = drawn cone, real divergence UNKNOWN"
minimal-ground,one-beam,02,4.247,6.926,5.12,-0.177,0.3904,0.9035,22.98,101.1,0.602,5.726,7.38,4.38,4.88,2.4,14.55,10.44,"GEOMETRY of the drawn rig at the 09-28 committed hall (roof underside 11.0 m); NOT a laser hazard assessment; beam = drawn cone, real divergence UNKNOWN"
minimal-ground,slow-sweep,01,-4.334,4.606,5.119,0.1421,0.416,0.8982,24.58,81,0.602,3.406,5.09,2.09,2.59,-2.15,18.92,15.37,"GEOMETRY of the drawn rig at the 09-28 committed hall (roof underside 11.0 m); NOT a laser hazard assessment; beam = drawn cone, real divergence UNKNOWN"
minimal-ground,slow-sweep,02,4.258,6.902,5.127,-0.1455,0.321,0.9358,18.73,98.8,0.602,5.702,7.28,4.28,4.78,2.4,17.07,12.77,"GEOMETRY of the drawn rig at the 09-28 committed hall (roof underside 11.0 m); NOT a laser hazard assessment; beam = drawn cone, real divergence UNKNOWN"
minimal-ground,gs-one-shaft,01,-4.323,4.635,5.108,0.1696,0.4966,0.8512,29.78,78.7,0.602,3.435,5.27,2.27,2.77,-2.15,16.02,12.82,"GEOMETRY of the drawn rig at the 09-28 committed hall (roof underside 11.0 m); NOT a laser hazard assessment; beam = drawn cone, real divergence UNKNOWN"
minimal-ground,gs-one-shaft,02,4.247,6.926,5.12,-0.177,0.3904,0.9035,22.98,101.1,0.602,5.726,7.38,4.38,4.88,2.4,14.55,10.44,"GEOMETRY of the drawn rig at the 09-28 committed hall (roof underside 11.0 m); NOT a laser hazard assessment; beam = drawn cone, real divergence UNKNOWN"
minimal-ground,gs-columns-below,01,-4.323,4.635,5.108,0.1696,0.4966,0.8512,29.78,78.7,0.602,3.435,5.27,2.27,2.77,-2.15,16.02,12.82,"GEOMETRY of the drawn rig at the 09-28 committed hall (roof underside 11.0 m); NOT a laser hazard assessment; beam = drawn cone, real divergence UNKNOWN"
minimal-ground,gs-columns-below,02,4.247,6.926,5.12,-0.177,0.3904,0.9035,22.98,101.1,0.602,5.726,7.38,4.38,4.88,2.4,14.55,10.44,"GEOMETRY of the drawn rig at the 09-28 committed hall (roof underside 11.0 m); NOT a laser hazard assessment; beam = drawn cone, real divergence UNKNOWN"
minimal-ground,gs-roof-reveal,01,-4.323,4.635,5.108,0.1696,0.4966,0.8512,29.78,78.7,0.602,3.435,5.27,2.27,2.77,-2.15,16.02,12.82,"GEOMETRY of the drawn rig at the 09-28 committed hall (roof underside 11.0 m); NOT a laser hazard assessment; beam = drawn cone, real divergence UNKNOWN"
minimal-ground,gs-roof-reveal,02,4.247,6.926,5.12,-0.177,0.3904,0.9035,22.98,101.1,0.602,5.726,7.38,4.38,4.88,2.4,14.55,10.44,"GEOMETRY of the drawn rig at the 09-28 committed hall (roof underside 11.0 m); NOT a laser hazard assessment; beam = drawn cone, real divergence UNKNOWN"
minimal-ground,gs-slow-fan,01,-4.323,4.635,5.108,0.1696,0.4966,0.8512,29.78,78.7,0.602,3.435,5.27,2.27,2.77,-2.15,16.02,12.82,"GEOMETRY of the drawn rig at the 09-28 committed hall (roof underside 11.0 m); NOT a laser hazard assessment; beam = drawn cone, real divergence UNKNOWN"
minimal-ground,gs-slow-fan,02,4.247,6.926,5.12,-0.177,0.3904,0.9035,22.98,101.1,0.602,5.726,7.38,4.38,4.88,2.4,14.55,10.44,"GEOMETRY of the drawn rig at the 09-28 committed hall (roof underside 11.0 m); NOT a laser hazard assessment; beam = drawn cone, real divergence UNKNOWN"
minimal-ground,gs-cross-beams,01,-4.323,4.635,5.108,0.1696,0.4966,0.8512,29.78,78.7,0.602,3.435,5.27,2.27,2.77,-2.15,16.02,12.82,"GEOMETRY of the drawn rig at the 09-28 committed hall (roof underside 11.0 m); NOT a laser hazard assessment; beam = drawn cone, real divergence UNKNOWN"
minimal-ground,gs-cross-beams,02,4.247,6.926,5.12,-0.177,0.3904,0.9035,22.98,101.1,0.602,5.726,7.38,4.38,4.88,2.4,14.55,10.44,"GEOMETRY of the drawn rig at the 09-28 committed hall (roof underside 11.0 m); NOT a laser hazard assessment; beam = drawn cone, real divergence UNKNOWN"
minimal-ground,gs-red-room,01,-4.323,4.635,5.108,0.1696,0.4966,0.8512,29.78,78.7,0.602,3.435,5.27,2.27,2.77,-2.15,16.02,12.82,"GEOMETRY of the drawn rig at the 09-28 committed hall (roof underside 11.0 m); NOT a laser hazard assessment; beam = drawn cone, real divergence UNKNOWN"
minimal-ground,gs-red-room,02,4.247,6.926,5.12,-0.177,0.3904,0.9035,22.98,101.1,0.602,5.726,7.38,4.38,4.88,2.4,14.55,10.44,"GEOMETRY of the drawn rig at the 09-28 committed hall (roof underside 11.0 m); NOT a laser hazard assessment; beam = drawn cone, real divergence UNKNOWN"
minimal-ground,gs-white-cathedral,01,-4.323,4.635,5.108,0.1696,0.4966,0.8512,29.78,78.7,0.602,3.435,5.27,2.27,2.77,-2.15,16.02,12.82,"GEOMETRY of the drawn rig at the 09-28 committed hall (roof underside 11.0 m); NOT a laser hazard assessment; beam = drawn cone, real divergence UNKNOWN"
minimal-ground,gs-white-cathedral,02,4.247,6.926,5.12,-0.177,0.3904,0.9035,22.98,101.1,0.602,5.726,7.38,4.38,4.88,2.4,14.55,10.44,"GEOMETRY of the drawn rig at the 09-28 committed hall (roof underside 11.0 m); NOT a laser hazard assessment; beam = drawn cone, real divergence UNKNOWN"
minimal-ground,gs-blinder-hit,01,-4.323,4.635,5.108,0.1696,0.4966,0.8512,29.78,78.7,0.602,3.435,5.27,2.27,2.77,-2.15,16.02,12.82,"GEOMETRY of the drawn rig at the 09-28 committed hall (roof underside 11.0 m); NOT a laser hazard assessment; beam = drawn cone, real divergence UNKNOWN"
minimal-ground,gs-blinder-hit,02,4.247,6.926,5.12,-0.177,0.3904,0.9035,22.98,101.1,0.602,5.726,7.38,4.38,4.88,2.4,14.55,10.44,"GEOMETRY of the drawn rig at the 09-28 committed hall (roof underside 11.0 m); NOT a laser hazard assessment; beam = drawn cone, real divergence UNKNOWN"
minimal-ground,gs-laser-roof,01,-4.334,4.606,5.119,0.1421,0.416,0.8982,24.58,81,0.602,3.406,5.09,2.09,2.59,-2.15,18.92,15.37,"GEOMETRY of the drawn rig at the 09-28 committed hall (roof underside 11.0 m); NOT a laser hazard assessment; beam = drawn cone, real divergence UNKNOWN"
minimal-ground,gs-laser-roof,02,4.258,6.902,5.127,-0.1455,0.321,0.9358,18.73,98.8,0.602,5.702,7.28,4.28,4.78,2.4,17.07,12.77,"GEOMETRY of the drawn rig at the 09-28 committed hall (roof underside 11.0 m); NOT a laser hazard assessment; beam = drawn cone, real divergence UNKNOWN"
full-ground,(rest aims),01,-4.323,4.635,5.108,0.1696,0.4966,0.8512,29.78,78.7,0.602,3.435,5.27,2.27,2.77,-2.15,16.02,12.82,"GEOMETRY of the drawn rig at the 09-28 committed hall (roof underside 11.0 m); NOT a laser hazard assessment; beam = drawn cone, real divergence UNKNOWN"
full-ground,(rest aims),02,4.247,6.926,5.12,-0.177,0.3904,0.9035,22.98,101.1,0.602,5.726,7.38,4.38,4.88,2.4,14.55,10.44,"GEOMETRY of the drawn rig at the 09-28 committed hall (roof underside 11.0 m); NOT a laser hazard assessment; beam = drawn cone, real divergence UNKNOWN"
full-ground,white-cathedral,01,-4.323,4.635,5.108,0.1696,0.4966,0.8512,29.78,78.7,0.602,3.435,5.27,2.27,2.77,-2.15,16.02,12.82,"GEOMETRY of the drawn rig at the 09-28 committed hall (roof underside 11.0 m); NOT a laser hazard assessment; beam = drawn cone, real divergence UNKNOWN"
full-ground,white-cathedral,02,4.247,6.926,5.12,-0.177,0.3904,0.9035,22.98,101.1,0.602,5.726,7.38,4.38,4.88,2.4,14.55,10.44,"GEOMETRY of the drawn rig at the 09-28 committed hall (roof underside 11.0 m); NOT a laser hazard assessment; beam = drawn cone, real divergence UNKNOWN"
full-ground,red-room,01,-4.323,4.635,5.108,0.1696,0.4966,0.8512,29.78,78.7,0.602,3.435,5.27,2.27,2.77,-2.15,16.02,12.82,"GEOMETRY of the drawn rig at the 09-28 committed hall (roof underside 11.0 m); NOT a laser hazard assessment; beam = drawn cone, real divergence UNKNOWN"
full-ground,red-room,02,4.247,6.926,5.12,-0.177,0.3904,0.9035,22.98,101.1,0.602,5.726,7.38,4.38,4.88,2.4,14.55,10.44,"GEOMETRY of the drawn rig at the 09-28 committed hall (roof underside 11.0 m); NOT a laser hazard assessment; beam = drawn cone, real divergence UNKNOWN"
full-ground,strobe-hit,01,-4.323,4.635,5.108,0.1696,0.4966,0.8512,29.78,78.7,0.602,3.435,5.27,2.27,2.77,-2.15,16.02,12.82,"GEOMETRY of the drawn rig at the 09-28 committed hall (roof underside 11.0 m); NOT a laser hazard assessment; beam = drawn cone, real divergence UNKNOWN"
full-ground,strobe-hit,02,4.247,6.926,5.12,-0.177,0.3904,0.9035,22.98,101.1,0.602,5.726,7.38,4.38,4.88,2.4,14.55,10.44,"GEOMETRY of the drawn rig at the 09-28 committed hall (roof underside 11.0 m); NOT a laser hazard assessment; beam = drawn cone, real divergence UNKNOWN"
full-ground,one-beam,01,-4.323,4.635,5.108,0.1696,0.4966,0.8512,29.78,78.7,0.602,3.435,5.27,2.27,2.77,-2.15,16.02,12.82,"GEOMETRY of the drawn rig at the 09-28 committed hall (roof underside 11.0 m); NOT a laser hazard assessment; beam = drawn cone, real divergence UNKNOWN"
full-ground,one-beam,02,4.247,6.926,5.12,-0.177,0.3904,0.9035,22.98,101.1,0.602,5.726,7.38,4.38,4.88,2.4,14.55,10.44,"GEOMETRY of the drawn rig at the 09-28 committed hall (roof underside 11.0 m); NOT a laser hazard assessment; beam = drawn cone, real divergence UNKNOWN"
full-ground,slow-sweep,01,-4.334,4.606,5.119,0.1421,0.416,0.8982,24.58,81,0.602,3.406,5.09,2.09,2.59,-2.15,18.92,15.37,"GEOMETRY of the drawn rig at the 09-28 committed hall (roof underside 11.0 m); NOT a laser hazard assessment; beam = drawn cone, real divergence UNKNOWN"
full-ground,slow-sweep,02,4.258,6.902,5.127,-0.1455,0.321,0.9358,18.73,98.8,0.602,5.702,7.28,4.28,4.78,2.4,17.07,12.77,"GEOMETRY of the drawn rig at the 09-28 committed hall (roof underside 11.0 m); NOT a laser hazard assessment; beam = drawn cone, real divergence UNKNOWN"
full-ground,gs-one-shaft,01,-4.323,4.635,5.108,0.1696,0.4966,0.8512,29.78,78.7,0.602,3.435,5.27,2.27,2.77,-2.15,16.02,12.82,"GEOMETRY of the drawn rig at the 09-28 committed hall (roof underside 11.0 m); NOT a laser hazard assessment; beam = drawn cone, real divergence UNKNOWN"
full-ground,gs-one-shaft,02,4.247,6.926,5.12,-0.177,0.3904,0.9035,22.98,101.1,0.602,5.726,7.38,4.38,4.88,2.4,14.55,10.44,"GEOMETRY of the drawn rig at the 09-28 committed hall (roof underside 11.0 m); NOT a laser hazard assessment; beam = drawn cone, real divergence UNKNOWN"
full-ground,gs-columns-below,01,-4.323,4.635,5.108,0.1696,0.4966,0.8512,29.78,78.7,0.602,3.435,5.27,2.27,2.77,-2.15,16.02,12.82,"GEOMETRY of the drawn rig at the 09-28 committed hall (roof underside 11.0 m); NOT a laser hazard assessment; beam = drawn cone, real divergence UNKNOWN"
full-ground,gs-columns-below,02,4.247,6.926,5.12,-0.177,0.3904,0.9035,22.98,101.1,0.602,5.726,7.38,4.38,4.88,2.4,14.55,10.44,"GEOMETRY of the drawn rig at the 09-28 committed hall (roof underside 11.0 m); NOT a laser hazard assessment; beam = drawn cone, real divergence UNKNOWN"
full-ground,gs-roof-reveal,01,-4.323,4.635,5.108,0.1696,0.4966,0.8512,29.78,78.7,0.602,3.435,5.27,2.27,2.77,-2.15,16.02,12.82,"GEOMETRY of the drawn rig at the 09-28 committed hall (roof underside 11.0 m); NOT a laser hazard assessment; beam = drawn cone, real divergence UNKNOWN"
full-ground,gs-roof-reveal,02,4.247,6.926,5.12,-0.177,0.3904,0.9035,22.98,101.1,0.602,5.726,7.38,4.38,4.88,2.4,14.55,10.44,"GEOMETRY of the drawn rig at the 09-28 committed hall (roof underside 11.0 m); NOT a laser hazard assessment; beam = drawn cone, real divergence UNKNOWN"
full-ground,gs-slow-fan,01,-4.323,4.635,5.108,0.1696,0.4966,0.8512,29.78,78.7,0.602,3.435,5.27,2.27,2.77,-2.15,16.02,12.82,"GEOMETRY of the drawn rig at the 09-28 committed hall (roof underside 11.0 m); NOT a laser hazard assessment; beam = drawn cone, real divergence UNKNOWN"
full-ground,gs-slow-fan,02,4.247,6.926,5.12,-0.177,0.3904,0.9035,22.98,101.1,0.602,5.726,7.38,4.38,4.88,2.4,14.55,10.44,"GEOMETRY of the drawn rig at the 09-28 committed hall (roof underside 11.0 m); NOT a laser hazard assessment; beam = drawn cone, real divergence UNKNOWN"
full-ground,gs-cross-beams,01,-4.323,4.635,5.108,0.1696,0.4966,0.8512,29.78,78.7,0.602,3.435,5.27,2.27,2.77,-2.15,16.02,12.82,"GEOMETRY of the drawn rig at the 09-28 committed hall (roof underside 11.0 m); NOT a laser hazard assessment; beam = drawn cone, real divergence UNKNOWN"
full-ground,gs-cross-beams,02,4.247,6.926,5.12,-0.177,0.3904,0.9035,22.98,101.1,0.602,5.726,7.38,4.38,4.88,2.4,14.55,10.44,"GEOMETRY of the drawn rig at the 09-28 committed hall (roof underside 11.0 m); NOT a laser hazard assessment; beam = drawn cone, real divergence UNKNOWN"
full-ground,gs-red-room,01,-4.323,4.635,5.108,0.1696,0.4966,0.8512,29.78,78.7,0.602,3.435,5.27,2.27,2.77,-2.15,16.02,12.82,"GEOMETRY of the drawn rig at the 09-28 committed hall (roof underside 11.0 m); NOT a laser hazard assessment; beam = drawn cone, real divergence UNKNOWN"
full-ground,gs-red-room,02,4.247,6.926,5.12,-0.177,0.3904,0.9035,22.98,101.1,0.602,5.726,7.38,4.38,4.88,2.4,14.55,10.44,"GEOMETRY of the drawn rig at the 09-28 committed hall (roof underside 11.0 m); NOT a laser hazard assessment; beam = drawn cone, real divergence UNKNOWN"
full-ground,gs-white-cathedral,01,-4.323,4.635,5.108,0.1696,0.4966,0.8512,29.78,78.7,0.602,3.435,5.27,2.27,2.77,-2.15,16.02,12.82,"GEOMETRY of the drawn rig at the 09-28 committed hall (roof underside 11.0 m); NOT a laser hazard assessment; beam = drawn cone, real divergence UNKNOWN"
full-ground,gs-white-cathedral,02,4.247,6.926,5.12,-0.177,0.3904,0.9035,22.98,101.1,0.602,5.726,7.38,4.38,4.88,2.4,14.55,10.44,"GEOMETRY of the drawn rig at the 09-28 committed hall (roof underside 11.0 m); NOT a laser hazard assessment; beam = drawn cone, real divergence UNKNOWN"
full-ground,gs-blinder-hit,01,-4.323,4.635,5.108,0.1696,0.4966,0.8512,29.78,78.7,0.602,3.435,5.27,2.27,2.77,-2.15,16.02,12.82,"GEOMETRY of the drawn rig at the 09-28 committed hall (roof underside 11.0 m); NOT a laser hazard assessment; beam = drawn cone, real divergence UNKNOWN"
full-ground,gs-blinder-hit,02,4.247,6.926,5.12,-0.177,0.3904,0.9035,22.98,101.1,0.602,5.726,7.38,4.38,4.88,2.4,14.55,10.44,"GEOMETRY of the drawn rig at the 09-28 committed hall (roof underside 11.0 m); NOT a laser hazard assessment; beam = drawn cone, real divergence UNKNOWN"
full-ground,gs-haze-wall,01,-4.323,4.635,5.108,0.1696,0.4966,0.8512,29.78,78.7,0.602,3.435,5.27,2.27,2.77,-2.15,16.02,12.82,"GEOMETRY of the drawn rig at the 09-28 committed hall (roof underside 11.0 m); NOT a laser hazard assessment; beam = drawn cone, real divergence UNKNOWN"
full-ground,gs-haze-wall,02,4.247,6.926,5.12,-0.177,0.3904,0.9035,22.98,101.1,0.602,5.726,7.38,4.38,4.88,2.4,14.55,10.44,"GEOMETRY of the drawn rig at the 09-28 committed hall (roof underside 11.0 m); NOT a laser hazard assessment; beam = drawn cone, real divergence UNKNOWN"
full-ground,gs-spark-hit,01,-4.323,4.635,5.108,0.1696,0.4966,0.8512,29.78,78.7,0.602,3.435,5.27,2.27,2.77,-2.15,16.02,12.82,"GEOMETRY of the drawn rig at the 09-28 committed hall (roof underside 11.0 m); NOT a laser hazard assessment; beam = drawn cone, real divergence UNKNOWN"
full-ground,gs-spark-hit,02,4.247,6.926,5.12,-0.177,0.3904,0.9035,22.98,101.1,0.602,5.726,7.38,4.38,4.88,2.4,14.55,10.44,"GEOMETRY of the drawn rig at the 09-28 committed hall (roof underside 11.0 m); NOT a laser hazard assessment; beam = drawn cone, real divergence UNKNOWN"
full-ground,gs-laser-roof,01,-4.334,4.606,5.119,0.1421,0.416,0.8982,24.58,81,0.602,3.406,5.09,2.09,2.59,-2.15,18.92,15.37,"GEOMETRY of the drawn rig at the 09-28 committed hall (roof underside 11.0 m); NOT a laser hazard assessment; beam = drawn cone, real divergence UNKNOWN"
full-ground,gs-laser-roof,02,4.258,6.902,5.127,-0.1455,0.321,0.9358,18.73,98.8,0.602,5.702,7.28,4.28,4.78,2.4,17.07,12.77,"GEOMETRY of the drawn rig at the 09-28 committed hall (roof underside 11.0 m); NOT a laser hazard assessment; beam = drawn cone, real divergence UNKNOWN"
