version,row,point,u_m_along_line,x_m,top_chord_m,bottom_chord_m,bridle_apex_m,bridle_included_deg,line_kg,line_kN,hoist_chain_hardware_kg,on_bridge_kg,on_bridge_kN,bridle_leg_kg,bridle_leg_kN,lamps_kg,truss_kg,extras_kg,total_kg_lo,total_kg_hi,points,flag
minimal-ground,pick,house-left (low end),-5.75,-5.59,3.86,3.57,4.71,26,65.1,0.638,33.08,98.1,0.962,47.3,0.464,,,,,,3,"ESTIMATE: static, no dynamic or safety factor; fixtures EXACT/EQUIVALENT (lasers 70 kg EQUIVALENT), truss 6.3 kg/m from a named product (supplier truss UNKNOWN), extras +10% ESTIMATE, chain 12 m carried ESTIMATE"
minimal-ground,pick,middle,-0.5,-0.52,5.22,4.93,6.07,42,134.3,1.317,33.08,167.4,1.642,86.6,0.849,,,,,,3,"ESTIMATE: static, no dynamic or safety factor; fixtures EXACT/EQUIVALENT (lasers 70 kg EQUIVALENT), truss 6.3 kg/m from a named product (supplier truss UNKNOWN), extras +10% ESTIMATE, chain 12 m carried ESTIMATE"
minimal-ground,pick,house-right (high end),5.25,5.03,6.71,6.42,7.56,119,80.5,0.789,33.08,113.5,1.113,106.1,1.04,,,,,,3,"ESTIMATE: static, no dynamic or safety factor; fixtures EXACT/EQUIVALENT (lasers 70 kg EQUIVALENT), truss 6.3 kg/m from a named product (supplier truss UNKNOWN), extras +10% ESTIMATE, chain 12 m carried ESTIMATE"
minimal-ground,line_total,all 3 picks,,,,,,,279.9,2.745,,379,3.717,,,185.7,75.6,18.6,280,280,3,ESTIMATE: sum of the three picks; the file states total_kg 280
full-ground,pick,house-left (low end),-5.75,-5.59,3.86,3.57,4.71,26,65.1,0.638,33.08,98.1,0.962,47.3,0.464,,,,,,3,"ESTIMATE: static, no dynamic or safety factor; fixtures EXACT/EQUIVALENT (lasers 70 kg EQUIVALENT), truss 6.3 kg/m from a named product (supplier truss UNKNOWN), extras +10% ESTIMATE, chain 12 m carried ESTIMATE"
full-ground,pick,middle,-0.5,-0.52,5.22,4.93,6.07,42,134.3,1.317,33.08,167.4,1.642,86.6,0.849,,,,,,3,"ESTIMATE: static, no dynamic or safety factor; fixtures EXACT/EQUIVALENT (lasers 70 kg EQUIVALENT), truss 6.3 kg/m from a named product (supplier truss UNKNOWN), extras +10% ESTIMATE, chain 12 m carried ESTIMATE"
full-ground,pick,house-right (high end),5.25,5.03,6.71,6.42,7.56,119,80.5,0.789,33.08,113.5,1.113,106.1,1.04,,,,,,3,"ESTIMATE: static, no dynamic or safety factor; fixtures EXACT/EQUIVALENT (lasers 70 kg EQUIVALENT), truss 6.3 kg/m from a named product (supplier truss UNKNOWN), extras +10% ESTIMATE, chain 12 m carried ESTIMATE"
full-ground,line_total,all 3 picks,,,,,,,279.9,2.745,,379,3.717,,,185.7,75.6,18.6,280,280,3,ESTIMATE: sum of the three picks; the file states total_kg 280
minimal,version_summary,"per_point: [39,114,50]",,,,,,,,,,,,,,115.7,75.6-75.6,11.6,203,203,3,ESTIMATE; a version not built with the ground policy; kept for the record (rig file truss.rigging.load)
minimal-cut-movers,version_summary,"per_point: [52,183,70]",,,,,,,,,,,,,,208.6,75.6-75.6,20.9,305,305,3,ESTIMATE; a version not built with the ground policy; kept for the record (rig file truss.rigging.load)
middle,version_summary,"per_point: [185,189]",,,,,,,,,,,,,,292.6,48-56,29,370,378,2,ESTIMATE; a version not built with the ground policy; kept for the record (rig file truss.rigging.load)
full,version_summary,"per_point: [205,209]",,,,,,,,,,,,,,327.6,48-56,33,409,417,2,ESTIMATE; a version not built with the ground policy; kept for the record (rig file truss.rigging.load)
minimal-halo,version_summary,"per_point: {apex:92,left:86,right:86}",,,,,,,,,,,,,,172.4,74.4,17,264,264,3,ESTIMATE; a version not built with the ground policy; kept for the record (rig file truss.rigging.load)
minimal-halo-heads,version_summary,"per_point: {apex:113,left:95,right:95}",,,,,,,,,,,,,,208.6,74.4,21,304,304,3,ESTIMATE; a version not built with the ground policy; kept for the record (rig file truss.rigging.load)
minimal-xflat,version_summary,"per_point: [57,57]",,,,,,,,,,,,,,148.4,63.1-63.1,15,227,227,4,ESTIMATE; a version not built with the ground policy; kept for the record (rig file truss.rigging.load)
minimal-xflat-heads,version_summary,"per_point: [73,73]",,,,,,,,,,,,,,208.6,63.1-63.1,21,293,293,4,ESTIMATE; a version not built with the ground policy; kept for the record (rig file truss.rigging.load)
