head,fixture,universe_address,dmx_line,where,base_front_az_deg,pan_min_deg,pan_max_deg,tilt_min_deg,tilt_max_deg,pan16_min,pan16_max,tilt16_min,tilt16_max,pan_coarse_min,pan_fine_min,pan_coarse_max,pan_fine_max,tilt_coarse_min,tilt_fine_min,tilt_coarse_max,tilt_fine_max
rig-beam-planes-01,101,U1.001,NODE-STAGE-A,"stage pen (x -7.2, z -5.0)",330.0,-10,10,24.5,39.5,31554,33981,38714,42355,123,66,132,189,151,58,165,115
rig-beam-planes-02,102,U1.017,NODE-STAGE-A,"stage pen (x -6.2, z -5.0)",333.0,-10,10,12.5,27.5,31554,33981,35802,39442,123,66,132,189,139,218,154,18
rig-beam-planes-03,103,U1.033,NODE-STAGE-A,"stage pen (x -5.2, z -5.0)",330.0,-10,10,3,18,31554,33981,33496,37136,123,66,132,189,130,216,145,16
rig-beam-planes-04,104,U1.049,NODE-STAGE-A,"stage pen (x -4.2, z -5.0)",20.0,-10,10,3,18,31554,33981,33496,37136,123,66,132,189,130,216,145,16
rig-beam-planes-05,105,U1.065,NODE-STAGE-A,"stage pen (x -3.2, z -5.0)",25.0,-10,10,17,32,31554,33981,36894,40535,123,66,132,189,144,30,158,87
rig-beam-planes-06,106,U1.081,NODE-STAGE-A,"stage pen (x -2.2, z -5.0)",32.0,-9.5,10,26,41,31615,33981,39078,42719,123,127,132,189,152,166,166,223
rig-beam-planes-07,107,U1.097,NODE-FAR-A,"far end (x -26.5, z -37.9)",9.0,-10,10,36.464,51.464,31554,33981,41618,45259,123,66,132,189,162,146,176,203
rig-beam-planes-08,108,U1.113,NODE-FAR-A,"far end (x -35.5, z -31.9)",33.0,-10,10,36.464,51.464,31554,33981,41618,45259,123,66,132,189,162,146,176,203
rig-beam-planes-09,109,U1.129,NODE-RIGHT-A,"house right (x 30.5, z -22.9)",15.0,-10,10,39.97,54.97,31554,33981,42469,46110,123,66,132,189,165,229,180,30
rig-beam-planes-10,110,U1.145,NODE-LEFT-A,"house left (x -32.5, z -16.9)",3.0,-10,10,23.464,38.464,31554,33981,38463,42104,123,66,132,189,150,63,164,120
rig-beam-planes-11,111,U1.161,NODE-LEFT-A,"house left (x -32.5, z 22.1)",60.0,-10,10,37.987,52.987,31554,33981,41988,45629,123,66,132,189,164,4,178,61
rig-beam-planes-12,112,U1.177,NODE-LEFT-A,"house left (x -35.5, z -1.9)",30.0,-10,10,34.984,49.984,31554,33981,41259,44900,123,66,132,189,161,43,175,100
rig-beam-planes-13,113,U1.193,NODE-LEFT-A,"house left (x -35.5, z 16.1)",96.0,-10,10,34.984,49.984,31554,33981,41259,44900,123,66,132,189,161,43,175,100
rig-beam-planes-14,114,U1.209,NODE-LEFT-A,"house left (x -35.5, z 10.1)",45.0,-10,10,36.464,51.464,31554,33981,41618,45259,123,66,132,189,162,146,176,203
rig-beam-planes-15,115,U1.225,NODE-RIGHT-A,"entry (x 18.5, z 49.1)",192.0,-10,10,33.471,48.471,31554,33981,40892,44532,123,66,132,189,159,188,173,244
rig-beam-planes-16,116,U1.241,NODE-RIGHT-A,"house right (x 27.5, z 22.1)",144.0,-10,10,33.01,48.01,31554,33981,40780,44421,123,66,132,189,159,76,173,133
rig-beam-planes-17,117,U1.257,NODE-LEFT-A,"house left (x -29.5, z 34.1)",102.0,-10,10,37.987,52.987,31554,33981,41988,45629,123,66,132,189,164,4,178,61
rig-beam-planes-18,118,U1.273,NODE-LEFT-A,"house left (x -17.5, z 34.1)",120.0,-10,10,10.042,25.042,31554,33981,35205,38846,123,66,132,189,137,133,151,190
